{
	"params": {
		"uniqueHue": "blue",
		"subject": "BS",
		"color_space": "Luv",
		"show_plot": 0,
		"annulus": 0,
		"constant_stim": 1,
		"cal_file": "Feb13_2014a",
		"pause_time": 0.5,
		"screen": 0,
		"LUM": 60,
		"ncolors": 10,
		"nrepeats": 5,
		"angle_bounds": {
			"y1": 70,
			"y2": 130,
			"b1": 195,
			"b2": 255
		},
		"white": [
			[0.2105263158],
			[0.4736842105]
		],
		"RHO": 0.072,
		"blu": 227.8991068,
		"yel": 82,
		"angles": [195,201.6666667,208.3333333,215,221.6666667,228.3333333,235,241.6666667,248.3333333,255],
		"invert": 0,
		"left": "too purple",
		"right": "too green",
		"ntrials": 50,
		"comment": 182.0338135,
		"blue_xyz": [
			[0.1622547664],
			[0.4202627025],
			[0.4174825311]
		]
	}
}
