{
	"params": {
		"uniqueHue": "white",
		"subject": "BS",
		"color_space": "Luv",
		"show_plot": 0,
		"annulus": 0,
		"constant_stim": 1,
		"cal_file": "Feb13_2014a",
		"pause_time": 0.5,
		"screen": 0,
		"LUM": 60,
		"ncolors": 15,
		"nrepeats": 5,
		"angle_bounds": {
			"y1": 70,
			"y2": 130,
			"b1": 195,
			"b2": 255
		},
		"white": [
			[0.2105263158],
			[0.4736842105]
		],
		"RHO": 0.072,
		"blu": 227.8991068,
		"yel": 108.6338957,
		"angles": [
			[0],
			[0.07142857143],
			[0.1428571429],
			[0.2142857143],
			[0.2857142857],
			[0.3571428571],
			[0.4285714286],
			[0.5],
			[0.5714285714],
			[0.6428571429],
			[0.7142857143],
			[0.7857142857],
			[0.8571428571],
			[0.9285714286],
			[1]
		],
		"invert": 1,
		"left": "too blue",
		"right": "too yellow",
		"ntrials": 75,
		"comment": 182.0338135,
		"blue_xyz": [
			[0.1622547664],
			[0.4202627025],
			[0.4174825311]
		],
		"yellow_xyz": [
			[0.1875208797],
			[0.5419099381],
			[0.2705691822]
		],
		"x": [0.1622547664,0.1640594888,0.1658642111,0.1676689335,0.1694736559,0.1712783783,0.1730831007,0.174887823,0.1766925454,0.1784972678,0.1803019902,0.1821067125,0.1839114349,0.1857161573,0.1875208797],
		"y": [0.4202627025,0.4289517908,0.437640879,0.4463299673,0.4550190556,0.4637081438,0.4723972321,0.4810863203,0.4897754086,0.4984644969,0.5071535851,0.5158426734,0.5245317616,0.5332208499,0.5419099381],
		"unique_dist": 0.124243416,
		"search_dist": 0.124243416
	}
}
