{
	"params": {
		"uniqueHue": "yellow",
		"subject": "BS",
		"color_space": "Luv",
		"show_plot": 0,
		"annulus": 0,
		"constant_stim": 1,
		"cal_file": "Feb13_2014a",
		"pause_time": 0.5,
		"screen": 0,
		"LUM": 60,
		"ncolors": 10,
		"nrepeats": 5,
		"angle_bounds": {
			"y1": 70,
			"y2": 130,
			"b1": 195,
			"b2": 255
		},
		"white": [
			[0.2105263158],
			[0.4736842105]
		],
		"RHO": 0.072,
		"blu": 227.8991068,
		"yel": 108.6338957,
		"angles": [70,76.66666667,83.33333333,90,96.66666667,103.3333333,110,116.6666667,123.3333333,130],
		"invert": 0,
		"left": "too green",
		"right": "too red",
		"ntrials": 50,
		"comment": 182.0338135,
		"blue_xyz": [
			[0.1622547664],
			[0.4202627025],
			[0.4174825311]
		],
		"yellow_xyz": [
			[0.1875208797],
			[0.5419099381],
			[0.2705691822]
		]
	}
}
